{
    "loss": 18.941499710083008,
    "accuracy": 0.5686274766921997
}